test_error,train_error,train_loss,lr_0.005,polaritySplit_False,hidden_3200,batchsize_50,weightDecay_0,useDropout_True,dropout_0.2,maxColNorm_15
0.45169999999999999,0.6621800000000001,6.1856661493778224
0.39160000000000006,0.52790000000000004,4.0273520965576175
0.37269999999999998,0.46564,3.2068749226331712
0.35680000000000001,0.39432000000000006,2.3650604673624041
0.3362,0.36772000000000005,2.0523462150096892
0.34049999999999997,0.34626000000000001,1.8272226787805557
0.32700000000000001,0.36946000000000001,1.9640230481028558
0.32229999999999998,0.34765999999999997,1.7867557412385942
0.31590000000000001,0.33327999999999997,1.6260156202316285
0.31819999999999998,0.31771999999999995,1.5022440438866616
0.31459999999999999,0.30706,1.3901893273293973
0.30649999999999999,0.29574,1.287282840937376
0.29869999999999997,0.28682000000000002,1.2189173261523247
0.29049999999999998,0.27460000000000001,1.1363642697632312
0.29189999999999999,0.26889999999999997,1.0779924294650554
0.29330000000000001,0.26180000000000009,1.0279349048435689
0.30210000000000004,0.25597999999999999,0.97829557581245896
0.29509999999999997,0.24526000000000001,0.9199135566055775
0.29370000000000002,0.24120000000000003,0.89320579397678379
0.3009,0.23412000000000002,0.8562030217200518
0.28439999999999999,0.23076000000000005,0.81390653599798679
0.29270000000000002,0.22538000000000005,0.79412936487793917
0.29469999999999996,0.21814000000000006,0.7607588020861149
0.28350000000000003,0.21124000000000001,0.72737124577164647
0.29289999999999999,0.20554000000000006,0.69173091707378631
0.28220000000000001,0.20138000000000003,0.66467848177254196
0.28339999999999999,0.20182000000000005,0.66194012661278245
0.28160000000000002,0.19308000000000003,0.6291703454107046
0.28620000000000001,0.19050000000000003,0.61950438840687272
0.2802,0.18680000000000002,0.59724996879696846
0.28950000000000004,0.18236000000000005,0.57601469212025402
0.28189999999999998,0.17918000000000001,0.56258788958191874
0.2853,0.17616000000000004,0.55616902118921285
0.28190000000000004,0.17128000000000004,0.53356734700500963
0.28110000000000002,0.16736000000000001,0.51426612649857995
0.28300000000000003,0.16348000000000001,0.50686391302943234
0.27750000000000002,0.16318000000000002,0.4977530434578657
0.27929999999999999,0.15768000000000001,0.48359380495548249
0.28050000000000003,0.15750000000000006,0.4763145013079047
0.27689999999999998,0.15184,0.4592711246088147
0.28049999999999997,0.15114000000000002,0.44896634972095489
0.27610000000000001,0.14864000000000002,0.44071197441965343
0.2843,0.14418,0.43718962860852478
0.27580000000000005,0.14164000000000002,0.42270551260560751
0.27729999999999999,0.14178000000000002,0.42275695353001358
0.27839999999999998,0.13832000000000005,0.4092626093327999
0.28000000000000003,0.13684000000000002,0.40554785180091857
0.27800000000000002,0.13342000000000001,0.39613990242034197
0.27610000000000001,0.13306000000000001,0.3888329239934683
0.27950000000000003,0.13002000000000005,0.38386539375036954
0.2802,0.12708000000000003,0.3764606930837035
0.27700000000000002,0.12526000000000001,0.37126716154068706
0.28029999999999999,0.12228000000000001,0.35895905229449271
0.2782,0.12120000000000002,0.35745891590416429
0.27500000000000002,0.11748000000000001,0.35152544429898264
0.27229999999999999,0.11552000000000003,0.33911780391633511
0.27690000000000003,0.11680000000000001,0.34606841485202311
0.27639999999999998,0.11288000000000002,0.337195455737412
0.27839999999999998,0.11136000000000001,0.33060920187085868
0.27889999999999998,0.11172000000000003,0.33272522661834958
test_error,train_error,train_loss,lr_0.001,polaritySplit_False,hidden_3200,batchsize_50,weightDecay_0,useDropout_True,dropout_0.2,maxColNorm_15
0.27399999999999997,0.10044000000000003,0.29861925782263277
0.2722,0.10140000000000002,0.29814288084954021
0.2707,0.10122000000000002,0.29594650168716907
0.27060000000000001,0.097740000000000007,0.28993848788738252
0.26960000000000006,0.09922000000000003,0.29382256035506726
0.26990000000000003,0.097700000000000023,0.28711462779343128
0.27310000000000001,0.096700000000000022,0.28651761092990635
0.27140000000000003,0.095760000000000026,0.28320964669063686
0.27010000000000001,0.093140000000000014,0.27816825773566961
0.26869999999999999,0.093760000000000024,0.27846341454610229
0.26850000000000002,0.093960000000000016,0.28074995357915761
0.26910000000000006,0.090580000000000008,0.2693792233020067
0.26860000000000001,0.090680000000000011,0.27279619455337523
0.27060000000000001,0.092680000000000026,0.27821842449530959
0.27000000000000002,0.091520000000000004,0.27077941394597294
0.27100000000000002,0.091420000000000015,0.27164285803213717
0.26919999999999999,0.09012000000000002,0.26801073077693582
0.27060000000000001,0.090100000000000013,0.26990164434164765
0.26979999999999998,0.088520000000000015,0.26565864592418076
0.26929999999999998,0.091000000000000011,0.27371223475784062
0.27099999999999996,0.088900000000000021,0.26079042887687681
0.26890000000000003,0.088540000000000008,0.26520582065731285
0.26730000000000004,0.088100000000000012,0.26247550771385431
0.26990000000000003,0.090240000000000015,0.26542292107641696
0.27010000000000001,0.08766000000000003,0.26227760696038604
0.26860000000000001,0.08338000000000001,0.25545588743686676
0.26729999999999998,0.086480000000000015,0.25820174256712197
0.26840000000000003,0.085540000000000019,0.25736998701095581
0.26880000000000004,0.08592000000000001,0.25957458008080719
0.26890000000000003,0.086000000000000021,0.25903870537132023
0.26750000000000002,0.084420000000000023,0.25617686961591246
0.26690000000000003,0.08482000000000002,0.25553559043258428
0.26750000000000002,0.084040000000000017,0.25084358365833759
0.26729999999999998,0.082540000000000016,0.25082296551018951
0.2661,0.084260000000000002,0.25312603382021187
0.26860000000000001,0.083580000000000015,0.25007392229139802
0.26770000000000005,0.084460000000000007,0.25350008572265503
0.26970000000000005,0.082780000000000006,0.2528905820250511
0.26869999999999999,0.083240000000000008,0.25164810118079184
0.26630000000000004,0.081640000000000018,0.24803691218793392
0.26739999999999997,0.078620000000000009,0.24159300442412496
0.26649999999999996,0.081480000000000025,0.24874287985637783
0.26869999999999999,0.08092000000000002,0.24619539493322373
0.2676,0.081619999999999998,0.24575668429583311
0.26719999999999999,0.080820000000000003,0.24574927967041732
0.26780000000000004,0.08092000000000002,0.2436857442036271
0.26860000000000001,0.082080000000000014,0.2473027492314577
0.26829999999999998,0.079580000000000012,0.24168849198892711
0.26640000000000003,0.078920000000000018,0.24114191679656505
0.26980000000000004,0.079760000000000025,0.24367662762105466
0.26679999999999998,0.076980000000000007,0.23685854417830707
0.2671,0.08056000000000002,0.24370552177727223
0.26700000000000002,0.07714,0.23994856933504344
0.26719999999999999,0.080840000000000009,0.24450775826349855
0.26799999999999996,0.078860000000000013,0.23870548948459328
0.26839999999999997,0.077760000000000024,0.24035222083702684
0.26590000000000003,0.078280000000000016,0.23913735199347139
0.26569999999999999,0.078380000000000019,0.23738720113411546
0.26820000000000005,0.075640000000000013,0.23606203310564161
0.26700000000000002,0.077300000000000008,0.23493471186608075
test_error,train_error,train_loss,lr_0.0005,polaritySplit_False,hidden_3200,batchsize_50,weightDecay_0,useDropout_True,dropout_0.2,maxColNorm_15
0.26630000000000004,0.07640000000000001,0.23516234304755926
0.2666,0.076160000000000005,0.23293558443337678
0.26619999999999999,0.075440000000000021,0.23096554734557867
0.26649999999999996,0.076040000000000024,0.23401599541306495
0.26590000000000003,0.074920000000000014,0.23170225469768047
0.26480000000000004,0.076380000000000003,0.23516255140304565
0.26619999999999999,0.074120000000000005,0.22937274122983217
0.26470000000000005,0.075620000000000007,0.23373269941285252
0.26520000000000005,0.074520000000000017,0.23076623390614986
0.26440000000000002,0.074380000000000016,0.23056418378651142
0.26490000000000002,0.075240000000000015,0.2317683787457645
0.2651,0.076359999999999997,0.232437564317137
0.26740000000000003,0.073160000000000003,0.22779610449820756
0.26740000000000003,0.074640000000000012,0.2300889401063323
0.2666,0.074360000000000009,0.23169450060278177
0.26479999999999998,0.073800000000000004,0.22875279026851059
0.26429999999999998,0.073360000000000009,0.22945458953827619
0.26619999999999999,0.074560000000000001,0.23325476532429457
0.26740000000000003,0.072620000000000004,0.22722000413388013
0.26520000000000005,0.072980000000000003,0.22845879980176687
0.26490000000000002,0.073340000000000002,0.22659993676096202
0.26549999999999996,0.074219999999999994,0.22725306899845601
0.26450000000000001,0.072559999999999999,0.22544215642660856
0.26630000000000004,0.073660000000000031,0.22641788318008185
0.26690000000000003,0.071220000000000006,0.22230991193279623
0.26579999999999998,0.071400000000000005,0.22365633044391869
0.26650000000000001,0.072060000000000013,0.2273367372751236
0.26600000000000001,0.071080000000000004,0.22114550546184183
0.2661,0.071000000000000008,0.2212248025536537
0.26679999999999998,0.074060000000000001,0.22508468988537789
0.26530000000000004,0.072999999999999995,0.22461394862830639
0.26539999999999997,0.07146000000000001,0.22199187872558832
0.26590000000000003,0.071200000000000013,0.22306252389773726
0.26600000000000001,0.069700000000000012,0.22224005407840014
0.26450000000000001,0.072939999999999991,0.2247575262784958
0.26539999999999997,0.070620000000000002,0.22077234959602357
0.2656,0.071680000000000008,0.22447757292538881
0.26669999999999999,0.071120000000000003,0.22125078553706407
0.26650000000000001,0.069940000000000002,0.21977628748863937
0.2656,0.069220000000000004,0.22221660769730806
0.26590000000000003,0.070160000000000014,0.21857091832906009
0.26640000000000003,0.070440000000000003,0.22301595225930215
0.26630000000000004,0.072860000000000008,0.22497410205751658
0.2651,0.071800000000000017,0.22467572294548155
0.26640000000000003,0.070980000000000001,0.22116461250185968
0.26530000000000004,0.070300000000000015,0.22181834030151368
0.26519999999999999,0.069779999999999995,0.22144801801443101
0.26530000000000004,0.072160000000000016,0.22671020597591995
0.2666,0.070680000000000007,0.21974827840551733
0.26550000000000001,0.068059999999999996,0.21526738087087868
0.26400000000000001,0.069640000000000021,0.22095198334008456
0.26729999999999998,0.068740000000000009,0.21862019992619752
0.26519999999999999,0.069760000000000016,0.22129966755956412
0.26690000000000003,0.069519999999999998,0.22111324783042074
0.26539999999999997,0.06764000000000002,0.21590329401195049
0.2651,0.070000000000000021,0.22080923170596362
0.26539999999999997,0.069940000000000002,0.21972024122998118
0.2661,0.06694,0.21680257955938578
0.26539999999999997,0.06838000000000001,0.2182232495173812
0.26690000000000003,0.069760000000000016,0.22034413307905198
test_error,train_error,train_loss,lr_0.005,polaritySplit_False,hidden_3200,batchsize_50,weightDecay_0,useDropout_True,dropout_0.2,maxColNorm_15
0.52590000000000003,0.74212,12.392561019420624
0.47799999999999998,0.62727999999999995,8.2933859386444091
0.45860000000000001,0.5708399999999999,6.7875560386180878
0.48450000000000004,0.53822000000000003,5.9709079403877254
0.51780000000000004,0.50851999999999997,5.3385462131500248
0.42170000000000002,0.49156,4.9065039408206941
0.42910000000000004,0.47368000000000005,4.562542633771896
0.39939999999999998,0.45856000000000008,4.2751824126243587
0.36409999999999998,0.45034000000000002,4.0386973650455475
0.38069999999999998,0.43724000000000002,3.7958790131807327
0.35930000000000001,0.43272000000000005,3.614103833913803
0.37270000000000003,0.42272000000000004,3.487072291493416
0.38730000000000003,0.41710000000000003,3.3225087220668792
0.39529999999999998,0.40955999999999998,3.1685280452370645
0.42240000000000011,0.40288000000000002,3.0464295746088026
0.38219999999999998,0.40029999999999999,2.9907323921918869
0.34919999999999995,0.39132,2.8715162709355355
0.4025999999999999,0.38792000000000004,2.7771583499908448
0.38799999999999996,0.3836,2.7105808503627777
0.3569,0.38122,2.6171060338020324
0.3664,0.36848000000000003,2.4813937405347826
0.36349999999999999,0.36812,2.439129002392292
0.35449999999999998,0.36560000000000004,2.3462059055566789
0.36879999999999996,0.36636000000000002,2.3515175600647926
0.34840000000000004,0.35936000000000001,2.2495781634449958
0.33549999999999996,0.35752,2.2053770217299462
0.33679999999999999,0.35477999999999998,2.1702227827310563
0.37159999999999999,0.34961999999999999,2.0791149792075156
0.34049999999999997,0.34858000000000006,2.0341720229387281
0.3357,0.34310000000000002,2.0036857340335845
0.35620000000000007,0.33972000000000002,1.9269968507289887
0.42420000000000002,0.33828000000000003,1.891143564939499
0.3619,0.3367,1.8708431629836559
0.35700000000000004,0.33376,1.8219912294149399
0.33630000000000004,0.33013999999999999,1.7923203972578048
0.33390000000000003,0.32682000000000005,1.7420763283967973
0.31579999999999997,0.32372000000000001,1.6986092441678047
0.34339999999999998,0.32098000000000004,1.6765702505111695
0.34670000000000001,0.31863999999999998,1.6534534406661987
0.32679999999999998,0.32100000000000001,1.6414650452435016
0.35580000000000001,0.31512000000000001,1.5730425746440888
0.36589999999999995,0.31625999999999999,1.5821558975279331
0.31579999999999997,0.30978,1.528007764607668
0.33519999999999994,0.31089999999999995,1.4987943516969682
0.35170000000000001,0.30778,1.4823141923248768
0.35749999999999993,0.30639999999999995,1.4672831267416477
0.32079999999999997,0.30608000000000002,1.4506562047302722
0.33449999999999996,0.30562,1.4377229178845883
0.3488,0.30125999999999997,1.3965955997705459
0.35650000000000004,0.29778000000000004,1.3733347998857499
0.31869999999999998,0.29592000000000002,1.334595114082098
0.32719999999999999,0.29349999999999998,1.3218190809488297
0.30739999999999995,0.29187999999999997,1.2995426716953515
0.36560000000000004,0.29236000000000001,1.2821025765836238
0.30869999999999997,0.28753999999999996,1.263790169119835
0.34319999999999995,0.28853999999999996,1.2609969108998775
0.33360000000000001,0.28705999999999998,1.2384566716849803
0.32209999999999994,0.28715999999999997,1.2150414301455021
0.3387,0.28722000000000003,1.2290253219008447
0.34990000000000004,0.28527999999999998,1.2124916694164276
test_error,train_error,train_loss,lr_0.001,polaritySplit_False,hidden_3200,batchsize_50,weightDecay_0,useDropout_True,dropout_0.2,maxColNorm_15
0.28949999999999998,0.24822000000000002,0.96224599236249919
0.2868,0.24718000000000001,0.95612908661365514
0.29349999999999998,0.24548000000000003,0.93687367343902583
0.29139999999999999,0.24440000000000003,0.93612051697075371
0.28589999999999999,0.24614000000000003,0.93683407261967655
0.28479999999999994,0.24542000000000003,0.92528172785043716
0.28049999999999997,0.24354000000000003,0.91967967645823956
0.2873,0.24276000000000006,0.91330007004737856
0.28370000000000001,0.24278000000000002,0.91234186562895769
0.28770000000000001,0.24032000000000003,0.91285537666082384
0.2833,0.24210000000000001,0.9061635733693838
0.28759999999999997,0.24474000000000001,0.90678037402033806
0.28589999999999999,0.24492000000000003,0.8987895666956901
0.29100000000000004,0.24320000000000006,0.89232045465707777
0.29019999999999996,0.24038000000000001,0.88768297198414803
0.2878,0.23986000000000002,0.88559130340814596
0.28960000000000002,0.24270000000000005,0.89249812524020666
0.28339999999999999,0.23974000000000001,0.87729649297893042
0.28270000000000001,0.24040000000000003,0.88244424575567249
0.29570000000000002,0.23934000000000002,0.87214847342669966
0.2928,0.24172000000000002,0.88277097819745542
0.28450000000000003,0.24149999999999999,0.87925475095212458
0.28720000000000001,0.23805999999999999,0.86653038612008093
0.28240000000000004,0.23926000000000006,0.8679901016205549
0.29330000000000001,0.23920000000000005,0.86695498621463774
0.30009999999999998,0.24010000000000004,0.86583641827106472
0.29070000000000001,0.23798000000000002,0.85609199614822862
0.28910000000000002,0.23974000000000001,0.85109845525026318
0.28989999999999999,0.23958000000000004,0.85965809622406963
0.28729999999999994,0.23490000000000003,0.84144585908949376
0.28499999999999998,0.23686000000000004,0.84178380985558032
0.28559999999999997,0.23484000000000002,0.83617262551188465
0.28669999999999995,0.23562,0.83869270260632034
0.28139999999999998,0.23456000000000002,0.84119974848628043
0.28639999999999999,0.23984000000000003,0.84296126158535478
0.2853,0.23750000000000002,0.84375332361459732
0.28410000000000002,0.23161999999999999,0.82026159012317656
0.2863,0.22884000000000004,0.80246400290727615
0.2848,0.23148000000000002,0.82454114019870761
0.2918,0.23492000000000002,0.82880646428465843
0.2843,0.23436000000000001,0.82264537814259531
0.28410000000000002,0.23388000000000003,0.81996573209762569
0.28470000000000001,0.23562,0.81680678801238538
0.28539999999999999,0.23370000000000002,0.81424560910463328
0.28339999999999999,0.23386000000000001,0.81995354311168189
0.29499999999999998,0.23060000000000005,0.80663373810052874
0.2823,0.23294000000000004,0.81630239740014077
0.28079999999999999,0.23136000000000001,0.80508326631784444
0.28820000000000001,0.23648000000000002,0.82454826545715332
0.28129999999999999,0.22984000000000004,0.79746475937962535
0.28939999999999999,0.23170000000000002,0.80939557355642322
0.2918,0.23138000000000003,0.79948132500052449
0.28270000000000001,0.23182000000000003,0.80842109863460065
0.28269999999999995,0.22820000000000001,0.79085353761911392
0.28160000000000002,0.23072000000000004,0.79711595362424847
0.28939999999999999,0.22654000000000002,0.79215453812479975
0.2828,0.22920000000000004,0.7853722137212753
0.28289999999999998,0.22958000000000003,0.7928523157536983
0.28649999999999998,0.22836000000000001,0.78381830635666849
0.28789999999999999,0.22736000000000001,0.78158835300803187
test_error,train_error,train_loss,lr_0.0005,polaritySplit_False,hidden_3200,batchsize_50,weightDecay_0,useDropout_True,dropout_0.2,maxColNorm_15
0.28810000000000002,0.22310000000000002,0.76405088904500007
0.28110000000000002,0.22600000000000003,0.77017471680045124
0.28360000000000002,0.22640000000000005,0.77404293212294584
0.28009999999999996,0.22316000000000003,0.76398684763908387
0.28539999999999999,0.22598000000000007,0.7722749659717083
0.28350000000000003,0.22704000000000002,0.77223714108765129
0.29020000000000001,0.2283,0.77013735982775688
0.2863,0.22854000000000002,0.7761183593422174
0.28260000000000002,0.2283,0.7712100498378277
0.28360000000000002,0.22260000000000002,0.7586340366005897
0.27949999999999997,0.22610000000000002,0.76598460066318508
0.28360000000000002,0.22780000000000003,0.77182275371253495
0.28220000000000001,0.22520000000000004,0.76203334695100788
0.28139999999999998,0.22426000000000001,0.76061306044459343
0.28389999999999999,0.2243,0.77033351218700408
0.28389999999999999,0.22604000000000002,0.7632005525529385
0.28210000000000002,0.22696000000000002,0.77066495136916635
0.28190000000000004,0.22390000000000004,0.75332959550619127
0.28270000000000001,0.22502000000000003,0.75709117032587525
0.28270000000000001,0.22634000000000004,0.7579057618677616
0.2823,0.22432000000000005,0.76314991976320745
0.28160000000000002,0.22158000000000005,0.74482888667285441
0.2883,0.22076000000000004,0.74313868980109687
0.28060000000000002,0.22494000000000003,0.75941294276714322
0.28549999999999998,0.22266000000000002,0.74797140228748327
0.28179999999999999,0.22140000000000004,0.74993382906913753
0.28249999999999997,0.22462000000000004,0.75360482493042946
0.28089999999999998,0.22442000000000001,0.74652593481540674
0.27710000000000001,0.22136,0.73444078196585183
0.28410000000000002,0.22660000000000002,0.75646968774497514
0.28339999999999999,0.21816000000000002,0.73906770087778573
0.28060000000000002,0.22550000000000001,0.75504937677085404
0.28300000000000003,0.22108,0.7377836772799492
0.28360000000000002,0.22240000000000004,0.74618557573854927
0.28249999999999997,0.22162000000000004,0.73470447507500647
0.28289999999999998,0.22094000000000003,0.73463087697327134
0.2828,0.22216000000000002,0.73565145279467103
0.27880000000000005,0.22074000000000002,0.73932699078321462
0.28179999999999999,0.22200000000000003,0.74183791172504421
0.28610000000000002,0.22614000000000004,0.75126586946845053
0.28049999999999997,0.22220000000000004,0.7401748241633177
0.2848,0.21952000000000005,0.73004561004042623
0.28480000000000005,0.22224000000000002,0.73856478054821495
0.28139999999999998,0.22298000000000001,0.73106561139225956
0.28610000000000002,0.22474,0.74215289521217342
0.28420000000000001,0.21886000000000005,0.72106219847500319
0.28150000000000003,0.22128000000000003,0.72649400894343852
0.2802,0.22190000000000004,0.7330983974486589
0.28130000000000005,0.21936000000000003,0.72857775382697587
0.28310000000000002,0.22172000000000003,0.73883481678366658
0.28260000000000002,0.22162000000000004,0.73527761454880236
0.28100000000000003,0.21844000000000002,0.72575102746486664
0.28859999999999997,0.22036,0.72344722193479538
0.28079999999999999,0.22066000000000002,0.73662250223755832
0.28410000000000002,0.22190000000000004,0.73180353876948356
0.28070000000000001,0.22086000000000003,0.72969995322823522
0.28070000000000001,0.22360000000000002,0.73444962117075918
0.2823,0.22138000000000002,0.72806631918251519
0.28110000000000002,0.22018000000000004,0.7317178991287947
0.28310000000000002,0.21856,0.72179351049661633
test_error,train_error,train_loss,lr_0.005,polaritySplit_False,hidden_1600,batchsize_50,weightDecay_0,useDropout_True,dropout_0.2,maxColNorm_15
0.47730000000000006,0.71722000000000008,5.9513517110347749
0.42260000000000003,0.59457999999999989,4.0224344127178195
0.41759999999999997,0.53322000000000003,3.2879880976676943
0.37180000000000002,0.50168000000000001,2.8220468516349793
0.36859999999999998,0.47220000000000006,2.4860063508152961
0.36979999999999996,0.45340000000000003,2.2705421606898306
0.35470000000000002,0.43564000000000003,2.0561163556575774
0.34770000000000001,0.42099999999999999,1.8915539959669112
0.33379999999999993,0.40720000000000006,1.7780146255493163
0.34149999999999997,0.39621999999999996,1.6554059038162232
0.33979999999999999,0.38336000000000003,1.5437774949669838
0.33599999999999997,0.37580000000000002,1.4783253817558288
0.31959999999999994,0.36912,1.4083130283355714
0.32700000000000001,0.35591999999999996,1.3253048716783524
0.31780000000000003,0.35772000000000004,1.303286332666874
0.31180000000000002,0.34126000000000001,1.2171536633968354
0.31620000000000004,0.33894000000000007,1.1764074881672859
0.31590000000000001,0.33282,1.1432301765680313
0.31780000000000003,0.33012000000000002,1.1187026169896126
0.32299999999999995,0.31931999999999999,1.0643552986979485
0.30959999999999999,0.3175,1.0399220951497554
0.30119999999999997,0.31087999999999999,1.0055644967257977
0.31670000000000004,0.3085,0.98654526531696318
0.30359999999999998,0.30408000000000002,0.96880157718062399
0.30329999999999996,0.29699999999999999,0.93636745968461033
0.31209999999999999,0.29479999999999995,0.91734179204702382
0.30479999999999996,0.28834000000000004,0.89872593462467198
0.3115,0.28614000000000001,0.8773129372298718
0.31169999999999998,0.28223999999999999,0.86496257653832431
0.30599999999999999,0.28022000000000002,0.8500805245041847
0.3029,0.27210000000000001,0.82974632364511491
0.30119999999999997,0.27100000000000002,0.81500441247224809
0.30139999999999995,0.26968000000000003,0.80605276322364805
0.29729999999999995,0.26700000000000002,0.79591763550043104
0.307,0.26166,0.78552610918879506
0.29780000000000001,0.26215999999999995,0.77673119270801549
0.2994,0.25772,0.7617916590571403
0.30320000000000003,0.25328000000000001,0.74588386392593387
0.29719999999999996,0.25258000000000003,0.74785495483875275
0.30959999999999999,0.24952000000000002,0.73285454636812208
0.29480000000000001,0.24764000000000005,0.72583125689625738
0.30279999999999996,0.24162,0.71292737632989889
0.30469999999999997,0.24168000000000003,0.70400689324736598
0.30199999999999994,0.24008000000000004,0.69968510183691979
0.29460000000000003,0.23916000000000001,0.69780769404768939
0.29710000000000003,0.23098000000000002,0.68104188913106922
0.2949,0.22960000000000003,0.67092783725261684
0.29520000000000002,0.22880000000000003,0.6691623819172382
0.29369999999999996,0.22650000000000003,0.65869402569532398
0.29820000000000002,0.22392000000000004,0.65472211942076686
0.29600000000000004,0.22174000000000005,0.64601612654328344
0.2918,0.22038000000000005,0.64295165345072747
0.2949,0.22066000000000002,0.64175623768568035
0.29199999999999998,0.21648000000000001,0.63406048768758771
0.29469999999999996,0.21578000000000003,0.62792130133509638
0.29109999999999997,0.21396000000000004,0.62517823806405071
0.29259999999999997,0.21078000000000002,0.61588118250668045
0.30249999999999999,0.21172000000000002,0.61640465062856675
0.29549999999999998,0.20858000000000004,0.6078907536715269
0.29779999999999995,0.20562000000000002,0.60036575971543793
test_error,train_error,train_loss,lr_0.001,polaritySplit_False,hidden_1600,batchsize_50,weightDecay_0,useDropout_True,dropout_0.2,maxColNorm_15
0.28270000000000001,0.19712000000000002,0.57184306779503824
0.2858,0.19290000000000004,0.56657323177158836
0.28350000000000003,0.19222000000000003,0.56455205540359021
0.28570000000000001,0.19290000000000004,0.56308838994801047
0.28670000000000001,0.19154000000000002,0.55885839013755323
0.28570000000000001,0.19186,0.56068727336823942
0.28520000000000001,0.19216000000000003,0.5596159624010324
0.2823,0.19046000000000005,0.55677855953574185
0.28509999999999996,0.19186,0.55730145128071307
0.2858,0.18878000000000003,0.55404389362037176
0.28339999999999999,0.19090000000000004,0.55197030861675744
0.28360000000000002,0.18796000000000004,0.54966608330607414
0.28410000000000002,0.18686000000000003,0.54891424605250361
0.28420000000000001,0.18922000000000003,0.55159842127561565
0.2823,0.18686000000000003,0.54482187330722809
0.28449999999999998,0.18646000000000004,0.54747548419237135
0.28470000000000001,0.18564000000000005,0.54408307197690009
0.28380000000000005,0.18434000000000003,0.54188732750713831
0.28289999999999998,0.18410000000000001,0.54288348701596256
0.2838,0.18840000000000004,0.54829465666413302
0.28509999999999996,0.18450000000000005,0.54071049983799457
0.28439999999999999,0.18400000000000002,0.5405425551682711
0.28110000000000002,0.18406000000000006,0.54366324365139007
0.28339999999999999,0.18354000000000001,0.5387532363981008
0.28159999999999996,0.18344000000000002,0.53629751025140282
0.28449999999999998,0.18350000000000002,0.53616749416291709
0.2853,0.18426000000000001,0.54016868337988855
0.28360000000000002,0.18080000000000004,0.53411631803214554
0.28179999999999999,0.18272000000000002,0.53294582326710227
0.2833,0.17850000000000002,0.52892385593056679
0.28489999999999999,0.18112000000000003,0.5283653005510569
0.28389999999999999,0.18172000000000002,0.53269696499407293
0.28360000000000002,0.18202000000000004,0.5349178263396025
0.28320000000000001,0.18040000000000003,0.5292862539291382
0.28300000000000003,0.18034000000000003,0.5322234799712896
0.2838,0.17898000000000003,0.53078191338479519
0.28119999999999995,0.17966000000000001,0.52866365712881092
0.28170000000000001,0.17946000000000004,0.52675544461607937
0.28389999999999999,0.17998000000000003,0.52771352031826968
0.2843,0.17792000000000002,0.52483227783441544
0.28299999999999997,0.17728000000000002,0.52577764704823493
0.28310000000000002,0.17852000000000004,0.52667888864874834
0.2828,0.17760000000000004,0.52167315791547297
0.28410000000000002,0.17790000000000003,0.52645448315143584
0.28320000000000001,0.17656000000000005,0.52241163064539431
0.28509999999999996,0.17842000000000002,0.52339133314788344
0.28389999999999999,0.17902000000000004,0.52409752504527574
0.28249999999999997,0.17432000000000003,0.5175364483892918
0.2823,0.17800000000000005,0.51913100351393227
0.28589999999999999,0.17786000000000002,0.52248788650333877
0.28460000000000002,0.17524000000000003,0.51658097468316555
0.28399999999999997,0.17470000000000005,0.51531113040447241
0.28389999999999999,0.17542000000000002,0.51716128453612331
0.28369999999999995,0.17670000000000002,0.52046202917397022
0.28249999999999997,0.17566000000000004,0.51561607217788696
0.28339999999999999,0.17346000000000003,0.51350978371500966
0.28259999999999996,0.17212000000000002,0.51010314930975442
0.28199999999999997,0.17350000000000004,0.5159502630680799
0.28310000000000002,0.17232000000000003,0.51235728964209559
0.28220000000000001,0.17290000000000003,0.51199090224504473
test_error,train_error,train_loss,lr_0.0005,polaritySplit_False,hidden_1600,batchsize_50,weightDecay_0,useDropout_True,dropout_0.2,maxColNorm_15
0.28270000000000001,0.17372000000000004,0.50926660431921478
0.28220000000000001,0.17316000000000004,0.51282271118462086
0.28170000000000001,0.17322000000000004,0.51328378009796138
0.28220000000000001,0.17248000000000002,0.50841175901889801
0.28120000000000001,0.17110000000000003,0.50510652707517145
0.28179999999999999,0.17154000000000003,0.50957706336677078
0.28240000000000004,0.17064000000000001,0.50651268610358235
0.28170000000000001,0.17122000000000004,0.50718499526381489
0.28119999999999995,0.17008000000000004,0.50732691361010074
0.28129999999999999,0.17010000000000003,0.50818861451745034
0.28189999999999998,0.16870000000000002,0.50269292129576204
0.28110000000000002,0.16814000000000004,0.50130223861336709
0.28060000000000002,0.16972000000000004,0.50369761475920682
0.28210000000000002,0.17010000000000006,0.50437819266319273
0.28110000000000002,0.17144000000000004,0.50509811878204347
0.2797,0.1678,0.50010381479561328
0.28079999999999999,0.17152000000000003,0.50526892106235022
0.28089999999999998,0.17114000000000004,0.50635369566082955
0.28000000000000003,0.16938000000000006,0.50275325968861584
0.28119999999999995,0.17061999999999999,0.50380737356841565
0.28089999999999998,0.16834000000000005,0.50033894759416575
0.2797,0.16996000000000003,0.50495081490278249
0.28029999999999999,0.16902,0.50067619375884531
0.28240000000000004,0.16856000000000004,0.49728946660459039
0.28220000000000001,0.16750000000000004,0.49608956298232076
0.28090000000000004,0.17074,0.50298645155131816
0.27950000000000003,0.16806000000000001,0.49923599378764627
0.28110000000000002,0.16698000000000002,0.49497675128281116
0.28049999999999997,0.16978000000000004,0.50025791004300113
0.27939999999999998,0.16660000000000003,0.49960786136984825
0.28179999999999999,0.16676000000000002,0.49865725769102576
0.28060000000000002,0.16646000000000002,0.49594966092705728
0.28079999999999999,0.16874,0.4987769027799368
0.28139999999999998,0.16860000000000003,0.49945000818371771
0.28120000000000001,0.16790000000000002,0.49894864761829377
0.28100000000000003,0.16808000000000003,0.49752777510881424
0.28139999999999998,0.16746000000000003,0.49701737658679485
0.2802,0.16446000000000002,0.49358506630361082
0.28049999999999997,0.16666000000000003,0.49752343574166297
0.28190000000000004,0.16684000000000004,0.49410412374138835
0.28120000000000001,0.16684000000000004,0.49818861800432207
0.2797,0.16374000000000002,0.49208678233623504
0.28039999999999998,0.16718000000000002,0.49621699079871179
0.28029999999999999,0.16275999999999999,0.4906877398341894
0.28260000000000002,0.16582000000000005,0.4955500832796097
0.27910000000000001,0.16688000000000003,0.49609600621461869
0.2797,0.16532000000000002,0.49158176536858084
0.2802,0.16663999999999998,0.49567173080146315
0.28029999999999999,0.16434000000000001,0.49122481471300128
0.2823,0.16308,0.4880081387013197
0.28110000000000002,0.16610000000000003,0.49440041404962537
0.28079999999999999,0.16462000000000002,0.4911296968013048
0.28110000000000002,0.16382000000000002,0.48777386434376241
0.28019999999999995,0.16640000000000005,0.49324177865684032
0.28010000000000002,0.16578000000000004,0.49388462080061435
0.28149999999999997,0.16394,0.49038392560184002
0.28029999999999999,0.16688000000000006,0.49165297898650168
0.27990000000000004,0.16428000000000004,0.49021705780923369
0.27929999999999999,0.16592000000000001,0.49426951974630357
0.28029999999999999,0.16306000000000004,0.49033065716922281
test_error,train_error,train_loss,lr_0.005,polaritySplit_True,hidden_1600,batchsize_50,weightDecay_0,useDropout_True,dropout_0.2,maxColNorm_15
0.49720000000000009,0.69891999999999999,8.9078826601505288
0.39579999999999999,0.56555999999999995,5.4177586138248444
0.40810000000000002,0.5085400000000001,4.2159418802261355
0.39019999999999994,0.47173999999999999,3.5218500655889513
0.379,0.4415,3.0781528420448305
0.3579,0.42430000000000007,2.7175570703744887
0.34279999999999999,0.40538000000000002,2.4498978235721589
0.33739999999999992,0.39134000000000002,2.2191856794953346
0.3256,0.37974000000000002,1.9991614968776703
0.32939999999999997,0.36851999999999996,1.8760039389729499
0.31579999999999997,0.35553999999999997,1.7307584054470062
0.31850000000000001,0.34842000000000001,1.6166863816976547
0.32909999999999995,0.33967999999999998,1.5309692001342774
0.32829999999999998,0.33506000000000002,1.4444319180846215
0.3236,0.32168000000000002,1.348792844891548
0.31679999999999997,0.32031999999999999,1.2963003756999969
0.31359999999999999,0.30865999999999999,1.227782391756773
0.31069999999999998,0.30765999999999999,1.1740114503502845
0.31559999999999994,0.30037999999999998,1.1270953216254711
0.32030000000000003,0.29277999999999998,1.0765605998635293
0.31509999999999999,0.28402000000000005,1.0228141977787018
0.30409999999999998,0.27829999999999994,0.98174179437756537
0.31059999999999999,0.27364000000000005,0.93732547873258587
0.30979999999999996,0.27241999999999994,0.91871154698729518
0.30259999999999998,0.26222000000000001,0.87362849444150925
0.30269999999999997,0.26082,0.85421323075890543
0.30199999999999999,0.25380000000000003,0.82314976914227012
0.30680000000000002,0.24736000000000002,0.79113282361626625
0.30030000000000001,0.24548000000000003,0.77382331439852714
0.3049,0.23982000000000001,0.75712039890885352
0.29630000000000001,0.23420000000000005,0.72724511179327966
0.29820000000000002,0.23380000000000004,0.71235514682531353
0.29569999999999996,0.22744,0.6901443350315094
0.3024,0.22320000000000004,0.67672371107339857
0.29139999999999999,0.21692000000000003,0.66164192776381969
0.30549999999999999,0.21500000000000005,0.65349193030595776
0.29889999999999994,0.21154000000000003,0.62792772221565252
0.29549999999999998,0.20598000000000005,0.61585302250087259
0.29630000000000001,0.20656000000000002,0.60788340748846525
0.29849999999999999,0.19960000000000003,0.59892367853224282
0.29389999999999999,0.19400000000000003,0.57672673004865649
0.29729999999999995,0.19288000000000002,0.57251440694928168
0.29410000000000003,0.19166000000000005,0.56564439368247987
0.29270000000000002,0.18786000000000003,0.55720371939241886
0.29149999999999998,0.18350000000000002,0.54235655492544177
0.30109999999999998,0.18242000000000005,0.53445223122835162
0.29070000000000001,0.17756000000000002,0.52631918939948086
0.29530000000000001,0.17510000000000006,0.52171636840701108
0.29100000000000004,0.17476000000000005,0.5137704702019692
0.28869999999999996,0.17028000000000004,0.50988416400551795
0.29039999999999999,0.16678000000000004,0.49551402719318866
0.28789999999999999,0.16650000000000004,0.49337706063687803
0.28960000000000002,0.16436000000000001,0.48362562036514284
0.28859999999999997,0.16208000000000003,0.48141252584755423
0.29239999999999999,0.16020000000000001,0.47630556707084176
0.2898,0.15884000000000004,0.47077109031379222
0.29580000000000001,0.15575999999999998,0.46468127393722536
0.28909999999999997,0.1535,0.45945662614703181
0.29359999999999997,0.15164000000000002,0.45525035437941552
0.2893,0.14942000000000003,0.44547957041859626
test_error,train_error,train_loss,lr_0.001,polaritySplit_True,hidden_1600,batchsize_50,weightDecay_0,useDropout_True,dropout_0.2,maxColNorm_15
0.28479999999999994,0.13760000000000003,0.41107402440905572
0.28259999999999996,0.13400000000000001,0.40235565322637556
0.28320000000000001,0.13128000000000001,0.39636473226547242
0.28310000000000002,0.13068000000000002,0.39663757477700712
0.28210000000000002,0.12890000000000004,0.39412886929512025
0.28439999999999999,0.12638000000000002,0.38748905384540555
0.28339999999999999,0.12584000000000001,0.38272647200524806
0.28320000000000001,0.12710000000000002,0.38471362271904946
0.28289999999999993,0.12270000000000002,0.3774902086406946
0.28300000000000003,0.12450000000000001,0.37893661779165266
0.28210000000000002,0.12420000000000002,0.38124135476350784
0.28300000000000003,0.12416000000000002,0.37981448468565943
0.28439999999999999,0.12324,0.37480903033912183
0.28389999999999999,0.12212000000000002,0.37152610802650454
0.28260000000000002,0.12250000000000001,0.37386704389750958
0.28270000000000001,0.11924000000000001,0.37052547048032286
0.28210000000000002,0.12510000000000002,0.37543313378095627
0.28300000000000003,0.11660000000000002,0.3618736541494727
0.28189999999999998,0.12104000000000002,0.37184964902698991
0.28220000000000001,0.11930000000000002,0.3682511740848422
0.28420000000000001,0.11946000000000001,0.36571754416823388
0.28420000000000001,0.11936000000000001,0.37135725062340497
0.2828,0.11576000000000002,0.36024895825982095
0.28399999999999997,0.1169,0.36354423771053551
0.28129999999999999,0.11744000000000003,0.36514158372581007
0.28220000000000001,0.11760000000000002,0.36166437605023383
0.28149999999999997,0.11742000000000001,0.36385003609955313
0.28170000000000001,0.11468,0.35663719584792852
0.2823,0.11542000000000002,0.35789212575554846
0.28249999999999997,0.11492000000000002,0.3553356285095215
0.28259999999999996,0.11334000000000001,0.35650824849307539
0.28190000000000004,0.11372000000000002,0.35583876509219409
0.2833,0.11402000000000002,0.35417411105334756
0.28239999999999998,0.11436000000000002,0.35750396160781384
0.2828,0.11596000000000001,0.35712326222658158
0.28110000000000002,0.11350000000000002,0.35266618372499942
0.28339999999999999,0.11236000000000002,0.35423370265960691
0.28139999999999998,0.11106000000000003,0.34949034577608107
0.28220000000000001,0.11256000000000002,0.35362861272692681
0.28239999999999998,0.11152000000000002,0.34894715216755867
0.28300000000000003,0.11156000000000003,0.3512970694601536
0.28160000000000002,0.10996000000000002,0.34938128715753558
0.2833,0.11210000000000002,0.34727824223041537
0.28369999999999995,0.11092000000000002,0.35039298872649671
0.28100000000000003,0.11036000000000001,0.34899771232903004
0.2838,0.11144000000000003,0.34710681529343129
0.28320000000000001,0.10904000000000003,0.34447867766767742
0.28249999999999997,0.10764000000000001,0.34209649600833653
0.28259999999999996,0.11198000000000002,0.35110897347331049
0.28369999999999995,0.10952000000000001,0.34423315607011318
0.2828,0.11090000000000001,0.34774965775012973
0.28110000000000002,0.10848000000000002,0.34439618608355521
0.28340000000000004,0.10960000000000002,0.34495461049675941
0.28179999999999999,0.10896000000000003,0.34305901719629767
0.28049999999999997,0.10858000000000001,0.34143708182871341
0.28170000000000001,0.10700000000000003,0.33816930072009566
0.28220000000000001,0.10736000000000001,0.33971808338165282
0.28369999999999995,0.10806000000000002,0.34135434531420467
0.28320000000000001,0.10682000000000001,0.33880146457254889
0.28050000000000003,0.10636000000000001,0.33330012730509045
test_error,train_error,train_loss,lr_0.0005,polaritySplit_True,hidden_1600,batchsize_50,weightDecay_0,useDropout_True,dropout_0.2,maxColNorm_15
0.28099999999999997,0.10450000000000001,0.33463913878798485
0.28049999999999997,0.10288000000000001,0.33161490657180548
0.28070000000000001,0.10606000000000002,0.33533515068143604
0.28110000000000002,0.1053,0.33058648274838925
0.28029999999999999,0.10596000000000001,0.33398357637971637
0.28200000000000003,0.10404000000000002,0.33100731968134639
0.28149999999999997,0.10326000000000002,0.33193143098056316
0.28029999999999999,0.10560000000000003,0.33248893208801744
0.28150000000000003,0.10264000000000001,0.33329436051845551
0.28110000000000002,0.10368000000000002,0.33171971617639062
0.28130000000000005,0.10486000000000001,0.33192467387020586
0.28240000000000004,0.10280000000000002,0.33267730577290056
0.28289999999999998,0.10310000000000002,0.33281487666070464
0.28050000000000003,0.10424000000000003,0.33032404775917529
0.28100000000000003,0.10286000000000003,0.33119811131060123
0.28060000000000002,0.10360000000000003,0.32871091096103189
0.28199999999999997,0.10482000000000002,0.33363739939033987
0.28190000000000004,0.10234000000000001,0.32892434979975221
0.28130000000000005,0.10322000000000003,0.32841107404232023
0.27990000000000004,0.10316000000000002,0.32989490087330342
0.2802,0.10320000000000001,0.3298673812896013
0.28200000000000003,0.10232000000000002,0.32585472819954159
0.28010000000000002,0.10034000000000001,0.32625127389281988
0.28059999999999996,0.10090000000000002,0.3264849124401808
0.28259999999999996,0.10216000000000001,0.3273372969701886
0.28129999999999999,0.099240000000000009,0.32107411900162697
0.28320000000000001,0.10214000000000001,0.32738673561811449
0.28220000000000001,0.10098000000000001,0.32369222591072322
0.28210000000000002,0.10218000000000002,0.3240866115838289
0.2828,0.10140000000000002,0.3263984153792262
0.27960000000000002,0.098960000000000006,0.32046764950454237
0.28240000000000004,0.10010000000000002,0.32745332394540311
0.28070000000000001,0.099620000000000014,0.3219251448661089
0.28179999999999999,0.10190000000000002,0.32605902132391928
0.28220000000000001,0.10074000000000002,0.32521454542875289
0.2823,0.10034000000000003,0.32411020008474589
0.2833,0.098260000000000014,0.32318819726258519
0.28039999999999998,0.099700000000000011,0.32089835008978845
0.28320000000000001,0.10088000000000001,0.32572587483376264
0.28210000000000002,0.10156000000000001,0.32858177985996007
0.28070000000000001,0.10216000000000003,0.32790191328525542
0.28139999999999998,0.10098000000000001,0.32572230922430756
0.28160000000000002,0.10134000000000003,0.32563264915347101
0.28100000000000003,0.09956000000000001,0.3207766677811742
0.28100000000000003,0.099720000000000017,0.32590783809870483
0.28170000000000001,0.10002000000000001,0.3216383194476366
0.28029999999999999,0.097500000000000017,0.317788835182786
0.28100000000000003,0.098360000000000017,0.32254859336465597
0.28230000000000005,0.099520000000000025,0.32231409744173289
0.28159999999999996,0.098860000000000031,0.32222388384491207
0.28160000000000002,0.099260000000000015,0.32268916361033917
0.27989999999999998,0.09734000000000001,0.31862308120727539
0.2833,0.098360000000000017,0.32029883975535633
0.28029999999999999,0.10026000000000002,0.3226807900890708
0.28179999999999999,0.09826,0.31877148093283175
0.28099999999999997,0.098740000000000022,0.31988474570214748
0.2797,0.098120000000000013,0.3197753768786788
0.28179999999999999,0.099700000000000011,0.32063617292046548
0.28170000000000001,0.099880000000000024,0.320372187897563
0.28070000000000001,0.09846000000000002,0.31820018103718756
test_error,train_error,train_loss,lr_0.005,polaritySplit_True,hidden_1600,batchsize_50,weightDecay_0,useDropout_True,dropout_0.2,maxColNorm_15
0.41439999999999999,0.65272000000000008,4.5981690256595611
0.36649999999999999,0.51612000000000002,2.8771378313302995
0.35840000000000005,0.45992,2.2873588078022005
0.34069999999999995,0.42934000000000005,1.9501436318159104
0.35999999999999999,0.40251999999999999,1.7228355389237404
0.33049999999999996,0.38434000000000001,1.5454679138064384
0.34060000000000001,0.36592000000000002,1.4108156541585921
0.32850000000000001,0.35486000000000001,1.3036237034499645
0.32789999999999997,0.34153999999999995,1.2077065154016018
0.32030000000000003,0.33332000000000006,1.1487768064141273
0.31619999999999998,0.3216,1.0892613461613656
0.31579999999999997,0.31157999999999997,1.03553010815382
0.31369999999999998,0.30510000000000004,0.99360119941830638
0.3196,0.29802000000000001,0.95809805876016618
0.31299999999999994,0.28884000000000004,0.90689781594276431
0.3105,0.28348000000000001,0.88321513822674746
0.30740000000000001,0.27559999999999996,0.8548049638569355
0.30469999999999997,0.27048,0.82181062686443329
0.30780000000000002,0.26576,0.81058099409937856
0.31119999999999998,0.25722,0.78135440081357954
0.30700000000000005,0.24882000000000004,0.75264366346597666
0.30820000000000003,0.24718000000000001,0.73538228040933606
0.30530000000000002,0.24108000000000002,0.71422134849429131
0.30729999999999996,0.23970000000000002,0.7111284870803356
0.30879999999999996,0.22978000000000004,0.68645418527722357
0.3034,0.22634000000000004,0.67308043438196186
0.2994,0.22116000000000002,0.65822072526812558
0.3004,0.21742000000000006,0.64393971498310565
0.2974,0.21352000000000004,0.63066169483959678
0.30329999999999996,0.20966000000000001,0.62277177956700325
0.30759999999999998,0.20404000000000003,0.60380035912990571
0.30570000000000003,0.20114000000000004,0.59749696703255173
0.29960000000000003,0.19940000000000002,0.58802605381608009
0.2984,0.19466000000000003,0.57951990357041361
0.29570000000000002,0.18994000000000005,0.57052689817547797
0.309,0.18924000000000007,0.56410868957638738
0.29430000000000001,0.18418000000000004,0.54822487483918669
0.29089999999999999,0.18318000000000006,0.54258216461539266
0.29430000000000001,0.18174000000000004,0.53979014247655865
0.29580000000000001,0.17840000000000003,0.53394961526989937
0.29299999999999998,0.17316000000000004,0.521228592723608
0.29309999999999997,0.17164000000000004,0.51654286335408683
0.29450000000000004,0.17256000000000002,0.51086960311233998
0.29830000000000001,0.16988000000000006,0.50676684297621255
0.29600000000000004,0.1638,0.49819589103758333
0.2944,0.16374,0.49064464296400545
0.29289999999999999,0.16082000000000002,0.4863272186368704
0.29629999999999995,0.15852000000000005,0.48045596340298652
0.29059999999999997,0.15744000000000002,0.47763388259708883
0.28810000000000002,0.15181999999999998,0.46704292023181915
0.2928,0.15162,0.46173087419569492
0.2908,0.15234000000000003,0.46341092810034751
0.29189999999999999,0.14994000000000002,0.45076255889236927
0.29119999999999996,0.14526000000000003,0.45235698992013929
0.29160000000000003,0.14622000000000002,0.44858944980800153
0.29189999999999999,0.14588000000000004,0.44573518241941928
0.2928,0.14404000000000003,0.43915174663066864
0.28770000000000001,0.14354000000000003,0.43360786841809751
0.29089999999999999,0.14221999999999999,0.43506519664824012
0.28960000000000002,0.13928000000000004,0.4252830337882042
test_error,train_error,train_loss,lr_0.001,polaritySplit_True,hidden_1600,batchsize_50,weightDecay_0,useDropout_True,dropout_0.2,maxColNorm_15
0.28509999999999996,0.12176000000000005,0.38570318882167337
test_error,train_error,train_loss,lr_0.005,polaritySplit_True,hidden_100,batchsize_50,weightDecay_0,useDropout_True,dropout_0.2,maxColNorm_15
0.52010000000000001,0.71077999999999997,2.0128688796758651
0.47420000000000001,0.57494000000000001,1.6562069197893143
0.45120000000000005,0.53262000000000009,1.534606059551239
0.43509999999999999,0.50390000000000001,1.4626500477790834
0.42579999999999996,0.48530000000000001,1.4130934962034225
0.41800000000000004,0.47286,1.3738894335627556
0.41410000000000002,0.46351999999999999,1.350100120306015
0.40830000000000005,0.45794000000000007,1.3229607295989991
0.40449999999999997,0.44751999999999997,1.3027684725522994
0.4022,0.43972,1.2869476287961006
0.3997,0.43588000000000005,1.2675919741988182
0.39769999999999994,0.43158000000000002,1.2570164231061935
0.39299999999999996,0.42460000000000003,1.2410715138912201
0.39100000000000001,0.41814000000000001,1.2297004080414773
0.38750000000000001,0.41605999999999999,1.2193986366987228
0.38569999999999999,0.41170000000000007,1.2102288932204246
0.38429999999999997,0.40960000000000002,1.2009954990744591
0.38099999999999995,0.40523999999999999,1.1915866343975068
0.37929999999999997,0.40354000000000001,1.181053771197796
0.37659999999999999,0.39815999999999996,1.1721847509145737
0.37859999999999999,0.39576000000000006,1.1649312145709991
0.37589999999999996,0.39401999999999998,1.1589968551397323
0.37369999999999998,0.39065999999999995,1.1561566805243493
0.37169999999999992,0.39018000000000008,1.1485639256834983
0.37019999999999997,0.38489999999999996,1.1432628169655801
0.36880000000000002,0.38302000000000003,1.1342260174155234
0.36590000000000006,0.38207999999999998,1.134818532526493
0.36729999999999996,0.38134000000000001,1.1263517529964446
0.36670000000000003,0.38142000000000004,1.1259476441144942
0.36459999999999992,0.37630000000000002,1.1206700440049171
0.36319999999999991,0.37641999999999998,1.1132474765777587
0.3619,0.373,1.1074761033058167
0.3619,0.37387999999999999,1.108196950674057
0.36359999999999998,0.3715,1.1041031235456467
0.3594,0.37128000000000005,1.1024487681388855
0.35690000000000005,0.36629999999999996,1.0917666645646096
0.35859999999999992,0.36698000000000003,1.089688512146473
0.35950000000000004,0.36506,1.0924167899489403
0.35589999999999994,0.36469999999999997,1.0826470243930817
0.35480000000000006,0.36265999999999998,1.0788472776412963
0.35639999999999994,0.36183999999999999,1.0797098941206933
0.35369999999999996,0.35952000000000001,1.0728109133243562
0.35539999999999999,0.35896000000000006,1.0737428343296052
0.3508,0.35804000000000002,1.0700114443898201
0.35159999999999997,0.35816000000000003,1.063325401544571
0.35049999999999998,0.35719999999999991,1.0617052481770515
0.35039999999999993,0.35537999999999997,1.0599662953615188
0.34799999999999998,0.35575999999999997,1.0595085926055907
0.3488,0.35427999999999998,1.0576632024645805
0.34989999999999993,0.35246000000000005,1.0526516982316971
0.3468,0.35065999999999997,1.0518789517879485
0.34710000000000002,0.35058,1.0466409928798674
0.34539999999999993,0.35360000000000003,1.0500574747920037
0.34409999999999996,0.34977999999999998,1.0452443494200707
0.34389999999999998,0.35076000000000002,1.0448859350085258
0.34360000000000002,0.34702,1.0430627624988555
0.34250000000000003,0.34941999999999995,1.0422071467041969
0.34209999999999996,0.34917999999999993,1.0404806326627731
0.34179999999999994,0.34408000000000005,1.0332297654151916
0.34569999999999995,0.34822000000000003,1.0409839566349983
test_error,train_error,train_loss,lr_0.001,polaritySplit_True,hidden_100,batchsize_50,weightDecay_0,useDropout_True,dropout_0.2,maxColNorm_15
0.33989999999999992,0.34315999999999997,1.0243680170178413
0.34039999999999998,0.33945999999999998,1.0160873426795005
0.34010000000000007,0.33794000000000002,1.0132909121513367
0.34129999999999994,0.33867999999999993,1.0153897976875306
0.33959999999999996,0.33679999999999999,1.0112336666584014
0.33909999999999996,0.33923999999999999,1.0146792774796487
0.3392,0.33739999999999998,1.0138165841698648
0.3392,0.33657999999999999,1.0079686272740365
0.33939999999999998,0.33643999999999996,1.0079903743863106
0.33860000000000001,0.33973999999999999,1.0068177943825722
0.33950000000000002,0.33932000000000001,1.0101207110881805
0.3372,0.33710000000000001,1.0125079932808876
0.33889999999999998,0.34030000000000005,1.0067833328843117
0.33849999999999997,0.33457999999999999,1.007071837246418
0.33829999999999999,0.33856000000000003,1.008408346235752
0.33759999999999996,0.33551999999999998,1.0072711996436119
0.33649999999999997,0.33507999999999999,1.0011838607788086
0.33779999999999993,0.33683999999999997,1.0037130510210992
0.3372,0.33877999999999997,1.0078615320920945
0.33679999999999999,0.33608000000000005,1.0120602895021438
0.3367,0.33693999999999996,1.0059031448364257
0.33730000000000004,0.33676,1.0108306112885475
0.33879999999999993,0.33835999999999999,1.0064342695474624
0.33649999999999991,0.33695999999999998,1.005084644973278
0.33630000000000004,0.33501999999999998,1.0044470369815826
0.33699999999999997,0.33588000000000001,1.0069550711512565
0.33710000000000001,0.33376,1.0011758744120598
0.33629999999999993,0.33460000000000001,1.0032423636913299
0.33579999999999999,0.33562000000000003,0.99971683424711233
0.33629999999999993,0.3352,1.0018562024235727
0.33630000000000004,0.33549999999999996,1.002822128355503
0.33559999999999995,0.33473999999999998,1.0007764364480973
0.33579999999999999,0.33238000000000001,0.99901108014583584
0.33709999999999996,0.33368000000000003,1.001697251021862
0.33549999999999996,0.33389999999999997,1.0005080098509789
0.33510000000000006,0.33691999999999994,1.0050472906827927
0.33459999999999995,0.3352,0.99963317114114758
0.33489999999999998,0.33535999999999999,1.0002107707858086
0.33399999999999991,0.33324000000000004,0.99897623699903493
0.33399999999999996,0.33446000000000004,1.0024612032175064
0.33450000000000002,0.33484000000000003,0.9988314582109451
0.33310000000000001,0.33195999999999998,0.99239246368408207
0.33539999999999998,0.33556000000000002,1.0001606804728509
0.33340000000000003,0.33251999999999998,0.9994805326461792
0.33390000000000003,0.33398,0.99816202372312546
0.3347,0.33335999999999999,0.99983034998178477
0.33329999999999999,0.33366000000000001,0.99410089445114136
0.33480000000000004,0.33377999999999997,0.99717503672838215
0.33419999999999994,0.33300000000000002,1.0001707728505134
0.33390000000000003,0.33201999999999998,0.99454710954427716
0.33309999999999995,0.33322000000000002,0.99538997322320943
0.33279999999999998,0.33226,0.9929255140423775
0.33250000000000002,0.3332,0.99842953890562058
0.3337,0.33541999999999994,0.99928841561079029
0.33309999999999995,0.33415999999999996,0.99930232840776445
0.33240000000000003,0.33332000000000001,0.99589601123332983
0.33409999999999995,0.33396000000000003,0.99595992475748063
0.33379999999999993,0.33462000000000003,0.99611187762022013
0.33329999999999999,0.33122000000000001,0.99188188219070439
0.33409999999999995,0.33091999999999994,0.99053287649154664
test_error,train_error,train_loss,lr_0.0005,polaritySplit_True,hidden_100,batchsize_50,weightDecay_0,useDropout_True,dropout_0.2,maxColNorm_15
0.33379999999999993,0.32998,0.99129023563861851
0.33340000000000003,0.32984000000000002,0.98909763717651367
0.33289999999999992,0.33063999999999999,0.98935767930746077
0.33340000000000003,0.33295999999999998,0.98668363916873936
0.33289999999999997,0.33088000000000001,0.98985050201416014
0.33309999999999995,0.33057999999999998,0.99146760731935502
0.33299999999999996,0.33279999999999993,0.99054001814126968
0.33250000000000002,0.33110000000000001,0.99064187431335449
0.3322,0.32948,0.98655613684654231
0.33250000000000002,0.33250000000000002,0.99002060616016385
0.33250000000000002,0.32847999999999999,0.99000257182121276
0.33270000000000005,0.33119999999999999,0.9900873867273331
0.33129999999999993,0.32956000000000002,0.98900862002372747
0.33250000000000002,0.33104,0.98877370315790181
0.33279999999999998,0.32989999999999997,0.98827557390928267
0.33229999999999998,0.33083999999999997,0.99092619782686231
0.33159999999999995,0.32932,0.98696980917453769
0.33069999999999994,0.32834000000000002,0.98671987819671636
0.33179999999999998,0.32919999999999999,0.99010281711816783
0.33159999999999995,0.33115999999999995,0.98898920631408693
0.33110000000000001,0.33076,0.98713891667127607
0.33149999999999996,0.32988000000000001,0.98693084704875944
0.33069999999999994,0.33076,0.98924903357028959
0.33089999999999997,0.32944000000000007,0.99088773632049565
0.33139999999999992,0.33235999999999999,0.99087224459648138
0.33039999999999997,0.32924000000000003,0.98850884109735493
0.33059999999999995,0.32886000000000004,0.9879154741764069
0.33089999999999997,0.32915999999999995,0.98551036345958709
0.3306,0.32908000000000004,0.98624517387151722
0.33069999999999994,0.32995999999999998,0.98680776208639143
0.33140000000000003,0.33035999999999999,0.98756509751081467
0.32989999999999997,0.33056000000000002,0.98801773470640186
0.33069999999999999,0.32965999999999995,0.98510870599746703
0.32979999999999998,0.32877999999999996,0.98662547659873967
0.32979999999999998,0.32889999999999997,0.98781250387430186
0.33039999999999997,0.33050000000000002,0.98621688687801357
0.33140000000000003,0.33000000000000002,0.98640979945659635
0.32939999999999997,0.33160000000000001,0.98497453081607822
0.32979999999999998,0.32851999999999998,0.9828033947944641
0.32950000000000002,0.32930000000000004,0.98818801176547999
0.3306,0.33188000000000001,0.98470954185724258
0.33069999999999999,0.32901999999999998,0.98714584332704547
0.32929999999999998,0.32935999999999999,0.98568645045161252
0.33030000000000004,0.33226,0.98411800915002823
0.33019999999999994,0.32769999999999999,0.9820654490590095
0.32939999999999997,0.33206000000000002,0.98967658609151843
0.33039999999999997,0.32950000000000002,0.98762877690792084
0.3301,0.32950000000000002,0.98565975469350819
0.32929999999999993,0.32765999999999995,0.98296861952543257
0.32880000000000004,0.32904,0.98343952256441114
0.33069999999999999,0.32850000000000001,0.98301282447576521
0.32919999999999994,0.32985999999999999,0.98587694692611694
0.32989999999999997,0.33135999999999999,0.98704694831371309
0.32989999999999997,0.32958000000000004,0.98274325931072237
0.33079999999999998,0.32726,0.9803380125761032
0.33089999999999997,0.32951999999999998,0.98331501048803327
0.3296,0.32882,0.98320384621620183
0.32909999999999995,0.32812000000000002,0.98008246904611585
0.33039999999999997,0.3271,0.97950676012039184
0.32939999999999997,0.32865999999999995,0.98264714580774304
test_error,train_error,train_loss,lr_0.005,polaritySplit_True,hidden_100,batchsize_50,weightDecay_0,useDropout_True,dropout_0.2,maxColNorm_15
0.51960000000000006,0.71048,2.0128170586824417
0.47609999999999997,0.5750599999999999,1.6554819921255111
0.45180000000000009,0.53295999999999999,1.5345630997419357
0.43890000000000001,0.50426000000000004,1.4621095367670058
0.42769999999999997,0.48520000000000002,1.4130398676395417
0.42130000000000001,0.47277999999999998,1.3738220583796501
0.41189999999999999,0.46434000000000003,1.3499541152119636
0.40760000000000007,0.45644000000000001,1.3224910123348237
0.40279999999999999,0.44702000000000003,1.3025078443288802
0.40179999999999993,0.44004000000000004,1.2874448700547219
0.39879999999999993,0.43534,1.2674434188604355
0.39759999999999995,0.43032000000000004,1.2566229378581046
0.3926,0.42404000000000003,1.2407979896068573
0.39119999999999999,0.42008000000000006,1.2294221277832984
0.38629999999999998,0.41554000000000002,1.2198677515387535
0.38409999999999994,0.41088000000000002,1.2095077068805695
0.38469999999999999,0.40988000000000002,1.2000442071557045
0.37969999999999998,0.40345999999999999,1.1902851814627646
0.37959999999999999,0.40286,1.1808443401455879
0.37489999999999996,0.39760000000000001,1.172300586760044
0.37640000000000001,0.39570000000000005,1.1650190259814261
0.37450000000000006,0.39363999999999999,1.1595150290131568
0.37560000000000004,0.39126,1.1550876513719559
0.37179999999999991,0.39046000000000003,1.1476810017228127
0.37279999999999996,0.38441999999999998,1.1420870376825332
0.36979999999999996,0.38290000000000002,1.1336131161451339
0.36820000000000003,0.38334000000000001,1.1358057906031609
0.36780000000000002,0.38188,1.1259984526634217
0.36549999999999999,0.38178000000000001,1.1256985482573509
0.36430000000000001,0.37610000000000005,1.1197078484296799
0.36559999999999993,0.37619999999999998,1.1112989101409911
0.36619999999999997,0.37295999999999996,1.106756825864315
0.36310000000000003,0.37374000000000002,1.1077868122458459
0.36469999999999997,0.37269999999999998,1.1032780990600586
0.36109999999999998,0.36932000000000004,1.1012725355625153
0.36159999999999998,0.36636000000000002,1.0912600183486938
0.36099999999999993,0.36813999999999997,1.0894213807582855
0.36180000000000001,0.36537999999999998,1.0914442958235742
0.3569,0.36522000000000004,1.0806662797927857
0.35629999999999995,0.36257999999999996,1.0775839422941207
0.35830000000000001,0.36003999999999997,1.0783716884851455
0.35639999999999999,0.35962,1.0723024267554284
0.35519999999999996,0.35960000000000003,1.0729175823330879
0.35169999999999996,0.35766000000000003,1.0692086415886879
0.3533,0.35830000000000001,1.0633377641439439
0.35019999999999996,0.35674,1.0607226623296737
0.35220000000000001,0.35541999999999996,1.0596457020044328
0.35059999999999997,0.35568,1.0583059408068658
0.34860000000000002,0.35328000000000004,1.0580257760286331
0.34720000000000001,0.35248000000000002,1.051919883787632
0.34989999999999993,0.35214000000000001,1.0512756003737449
0.34799999999999998,0.35149999999999998,1.0476085647940636
0.34899999999999998,0.35361999999999999,1.0510123407840728
0.34670000000000001,0.34804000000000002,1.0447498256564141
0.34670000000000001,0.35186000000000001,1.0446741158366204
0.34449999999999997,0.34748000000000001,1.0430825867056848
0.34470000000000001,0.34886,1.0413260400295257
0.34399999999999997,0.34889999999999999,1.0413109591007232
0.34149999999999997,0.34486,1.0343079248070717
0.34250000000000003,0.34770000000000001,1.0396381794810294
test_error,train_error,train_loss,lr_0.001,polaritySplit_True,hidden_100,batchsize_50,weightDecay_0,useDropout_True,dropout_0.2,maxColNorm_15
0.34079999999999999,0.34196000000000004,1.0243755218982697
0.34009999999999996,0.34000000000000002,1.015318595290184
0.33919999999999995,0.33767999999999998,1.0129440551400184
0.34009999999999996,0.33800000000000002,1.0159719084501266
0.34000000000000002,0.33596000000000004,1.0115139098167421
0.34029999999999994,0.33785999999999999,1.0136807505488397
0.33810000000000001,0.33613999999999999,1.0135578670501708
0.33850000000000002,0.33613999999999999,1.0065102241039277
0.33929999999999999,0.33648,1.0099247362017632
0.33929999999999999,0.33943999999999996,1.0071499665975572
0.33949999999999997,0.33905999999999997,1.0101017258167266
0.33889999999999998,0.33556000000000002,1.0122521491646768
0.33959999999999996,0.33756000000000003,1.0067023161649704
0.3397,0.33577999999999997,1.006181088268757
0.33899999999999997,0.33673999999999998,1.0084260053634644
0.33980000000000005,0.33688000000000001,1.0090852084159851
0.33929999999999999,0.33550000000000002,1.0010956664085389
0.33950000000000002,0.33501999999999998,1.0033145266771317
0.34000000000000002,0.33853999999999995,1.0084321340322495
0.34029999999999999,0.33784000000000003,1.010390308201313
0.34060000000000001,0.33682000000000001,1.0028752833604813
0.33929999999999993,0.33956000000000003,1.0087808038592339
0.33979999999999999,0.33682000000000001,1.0061284602880478
0.33839999999999998,0.33658000000000005,1.0041090667843819
0.33849999999999997,0.33493999999999996,1.0044380376338959
0.33899999999999997,0.33363999999999999,1.0052556707262992
0.33860000000000001,0.33331999999999995,1.0015343219637871
0.33950000000000002,0.33376,1.0045512994527817
0.33950000000000002,0.33389999999999997,0.99788493394851685
0.33909999999999996,0.33504,1.002147945523262
0.33849999999999997,0.33446000000000004,1.0035178194642067
0.33840000000000003,0.33372000000000002,0.99999020415544515
0.33889999999999998,0.33327999999999997,0.99898243474960324
0.33879999999999993,0.33334000000000003,1.002481168448925
0.33789999999999998,0.33169999999999999,0.99911138141155242
0.33739999999999992,0.33412000000000003,1.005311195075512
0.33819999999999995,0.33503999999999995,0.99951034325361254
0.33839999999999998,0.33370000000000005,1.0007380165457727
0.33829999999999999,0.33274000000000004,0.99886773097515102
0.33789999999999998,0.33398,1.0004796639680862
0.33769999999999994,0.33348,0.99854139274358744
0.33839999999999998,0.33172000000000001,0.99138400763273238
0.33889999999999998,0.33544000000000002,0.99891428720951081
0.33799999999999997,0.33232,0.99866038942337032
0.33789999999999998,0.33346000000000003,0.99789945411682124
0.33779999999999999,0.33177999999999996,1.0006081979870796
0.33769999999999994,0.33076,0.99573644775152204
0.33739999999999992,0.33407999999999999,0.99564606273174283
0.33799999999999997,0.33241999999999994,0.99998914045095444
0.33739999999999992,0.33279999999999993,0.99444344452023503
0.33829999999999999,0.3332,0.99713364171981811
0.33789999999999998,0.33069999999999999,0.99303027075529093
0.33699999999999997,0.33429999999999993,0.99830677193403239
0.33679999999999993,0.33438000000000001,0.99866289025545119
0.33699999999999997,0.33376,0.99931277209520342
0.33750000000000002,0.33241999999999994,0.99469830912351609
0.33679999999999993,0.3322,0.99586160850524907
0.33819999999999995,0.33232000000000006,0.99626328366994854
0.33799999999999997,0.33053999999999994,0.99177831089496615
0.33789999999999992,0.33112000000000003,0.99091764742136001
test_error,train_error,train_loss,lr_0.0005,polaritySplit_True,hidden_100,batchsize_50,weightDecay_0,useDropout_True,dropout_0.2,maxColNorm_15
0.3367,0.33085999999999999,0.99231256777048116
test_error,train_error,train_loss,lr_0.005,polaritySplit_True,hidden_100,batchsize_50,weightDecay_0,useDropout_True,dropout_0.2,maxColNorm_15
0.51590000000000003,0.71128000000000002,2.0126110960245134
0.47450000000000003,0.57499999999999996,1.6560181528329849
0.45110000000000006,0.53239999999999998,1.5351323210000991
0.43450000000000005,0.50451999999999997,1.4626243000030517
0.42469999999999997,0.48566000000000004,1.4138909227848053
0.41929999999999995,0.4723,1.3742033005356789
0.4108,0.46511999999999998,1.3502631133198739
0.40799999999999997,0.45716000000000001,1.323314857184887
0.40650000000000008,0.44651999999999997,1.3022041504979134
0.40180000000000005,0.43856000000000001,1.2866124532222747
0.40019999999999994,0.43494000000000005,1.2667000586390496
0.3992,0.42972000000000005,1.2561981024742126
0.3972,0.42363999999999996,1.2409823939800262
0.39090000000000003,0.41990000000000005,1.2295760384798049
0.38949999999999996,0.41544000000000003,1.219696470439434
0.3886,0.41226000000000002,1.2098247027397155
0.38719999999999999,0.41022000000000003,1.2005098851323128
0.38329999999999997,0.40317999999999998,1.1908958758115769
0.38280000000000003,0.40286,1.1813565160632133
0.38030000000000003,0.39810000000000001,1.1724367719292641
0.38019999999999998,0.39546000000000003,1.165516193807125
0.377,0.39396000000000003,1.1600399000048638
0.37549999999999994,0.39047999999999999,1.1557829134464264
0.37239999999999995,0.38914000000000004,1.1489774740934371
0.37070000000000003,0.38308000000000003,1.1428064569830894
0.36619999999999997,0.38298000000000004,1.1352633743882179
0.36869999999999997,0.38188000000000005,1.1364167450070382
0.3669,0.38100000000000001,1.1268600869178771
0.3644,0.38013999999999998,1.1273824670314789
0.36370000000000002,0.37688000000000005,1.1219022840857507
0.36409999999999998,0.37594000000000005,1.1139025583267212
0.3629,0.37401999999999996,1.1078815197348595
0.36369999999999997,0.37180000000000002,1.1100885291695595
0.36289999999999994,0.37263999999999997,1.1048458335995675
0.36219999999999997,0.37084000000000006,1.1039115716218948
0.36159999999999998,0.3664,1.093709429681301
0.36009999999999992,0.36842000000000003,1.0920199949145317
0.35989999999999994,0.36608000000000002,1.0943950715661048
0.35899999999999999,0.36593999999999999,1.0835043203234673
0.35580000000000001,0.36260000000000003,1.0812034258842469
0.35580000000000001,0.36093999999999998,1.0810821254253387
0.35580000000000001,0.35946000000000006,1.0758421512842178
0.35589999999999994,0.36002000000000001,1.0748318888545036
0.35220000000000001,0.35854000000000003,1.0720204468369483
0.35209999999999991,0.35941999999999996,1.0655352565646172
0.35170000000000001,0.35752,1.0641502690315248
0.35319999999999996,0.35814000000000001,1.0629662316441535
0.34989999999999993,0.35499999999999998,1.0613698687553406
0.35210000000000002,0.35568,1.060255176126957
0.35069999999999996,0.35289999999999999,1.0560857059955597
0.34860000000000002,0.35282000000000002,1.0543368480801583
0.34699999999999998,0.35141999999999995,1.0504683626890183
0.34730000000000005,0.35443999999999998,1.0534191691875459
0.3468,0.35036,1.0470657935738563
0.34420000000000001,0.35261999999999999,1.0475110376477241
0.34610000000000002,0.34982000000000002,1.0455613439679146
0.3458,0.35152,1.0446347868442536
0.34389999999999993,0.35002,1.0446045874357224
0.34670000000000001,0.34551999999999999,1.0368888525366784
0.34409999999999996,0.34799999999999998,1.0428769359588623
test_error,train_error,train_loss,lr_0.001,polaritySplit_True,hidden_100,batchsize_50,weightDecay_0,useDropout_True,dropout_0.2,maxColNorm_15
test_error,train_error,train_loss,lr_0.005,polaritySplit_True,hidden_100,batchsize_50,weightDecay_0,useDropout_True,dropout_0.2,maxColNorm_15
0.51700000000000002,0.70994000000000002,2.0130175510644914
0.47409999999999997,0.57518000000000002,1.6556558241844177
0.45030000000000003,0.53183999999999998,1.5347255078554154
0.43359999999999999,0.50380000000000003,1.4626729147434234
0.42290000000000005,0.48567999999999995,1.4139829455018043
0.41950000000000004,0.47184000000000004,1.3741042546033859
0.4128,0.46461999999999998,1.3507114865183831
0.41170000000000001,0.45756000000000002,1.3233044745326041
0.40459999999999996,0.44656000000000007,1.3025104098320008
0.40270000000000006,0.43898000000000009,1.2868814933896064
0.40100000000000002,0.43520000000000003,1.2672441603541373
0.39829999999999999,0.42964000000000002,1.2566809395551681
0.39840000000000003,0.42312,1.2404874455928803
0.39479999999999998,0.4194,1.2292155812382699
0.39030000000000004,0.41581999999999997,1.2189341673851013
0.38919999999999999,0.41032000000000007,1.2097175285816193
0.38890000000000002,0.40954000000000002,1.2007195220589637
0.38269999999999998,0.40441999999999995,1.1906099454760553
0.38280000000000003,0.40244000000000008,1.1805692825317382
0.37829999999999997,0.39798,1.1720522722601892
0.37929999999999992,0.39474000000000004,1.1651034030914307
0.37639999999999996,0.39485999999999999,1.1595681932568551
0.37640000000000001,0.39147999999999999,1.1557432318925858
0.37319999999999992,0.38990000000000002,1.1491648755073547
0.37180000000000002,0.38446000000000002,1.1427426598072052
0.37009999999999993,0.38380000000000003,1.1344853544831275
0.36920000000000003,0.38312000000000002,1.1361092053055764
0.36930000000000002,0.38160000000000005,1.1265971883535386
0.36619999999999997,0.3826,1.1268916165232659
0.36450000000000005,0.37572000000000005,1.1207131424546242
0.3639,0.37536000000000003,1.1137118327021598
0.36199999999999993,0.37287999999999999,1.1082188593745232
0.36200000000000004,0.37237999999999999,1.1100559177994729
0.36370000000000002,0.37284,1.1054804851412774
0.35989999999999994,0.36969999999999997,1.1032048186659813
0.36109999999999998,0.36805999999999994,1.093122590959072
0.36200000000000004,0.36918000000000006,1.0922269184589386
0.35979999999999995,0.36653999999999998,1.0942969863414764
0.35809999999999997,0.36512,1.0837879753112794
0.35569999999999991,0.36257999999999996,1.0802157175540925
0.35700000000000004,0.36193999999999998,1.0802777324318886
0.35409999999999997,0.36006000000000005,1.0756364448666573
0.35599999999999993,0.36020000000000002,1.0748588834404946
0.3533,0.35799999999999998,1.0725229489803314
0.35439999999999999,0.35914000000000007,1.0654859026670456
0.35309999999999997,0.35799999999999998,1.0637703381180763
0.35409999999999997,0.35668,1.0619458686709404
0.35229999999999995,0.35575999999999997,1.0607581221461295
0.34920000000000001,0.35567999999999994,1.0594379004836083
0.34950000000000003,0.35505999999999993,1.05444604074955
0.35060000000000002,0.35286000000000001,1.0537494623661041
0.34789999999999999,0.35184000000000004,1.0493431909084321
0.35090000000000005,0.35409999999999997,1.0519096691012382
0.34820000000000001,0.35147999999999996,1.0469055203199387
0.3468,0.35217999999999999,1.0478032897710801
0.34720000000000001,0.34920000000000001,1.0454259026646615
0.34659999999999996,0.35005999999999993,1.0430076143145561
0.34659999999999996,0.34873999999999999,1.0413070137500764
0.34439999999999998,0.34658,1.0356343281865119
0.34570000000000001,0.34732000000000007,1.0410694499015809
test_error,train_error,train_loss,lr_0.001,polaritySplit_True,hidden_100,batchsize_50,weightDecay_0,useDropout_True,dropout_0.2,maxColNorm_15
0.34210000000000002,0.34165999999999996,1.0272340010404586
0.34250000000000003,0.3417,1.017572731077671
0.34119999999999995,0.33928000000000003,1.0154938359856605
0.34379999999999994,0.33929999999999993,1.0176716715693475
0.34289999999999998,0.33773999999999998,1.0125481410026551
test_error,train_error,train_loss,lr_0.005,polaritySplit_True,hidden_100,batchsize_50,weightDecay_0,useDropout_True,dropout_0.2,maxColNorm_15
0.51849999999999996,0.71004,2.0126038115024567
0.47549999999999998,0.57525999999999999,1.6554366012811661
0.4521,0.53222000000000003,1.5344146074056626
0.43390000000000001,0.50438000000000005,1.4622378295660019
0.42660000000000003,0.48534000000000005,1.4135256981849671
0.42060000000000003,0.47238000000000002,1.3739348044991493
0.41589999999999994,0.46418000000000004,1.3498019345402719
0.40909999999999996,0.45701999999999998,1.3229475787878036
0.40590000000000004,0.44724000000000003,1.3030304757356643
0.40349999999999997,0.43851999999999997,1.2870914137363434
0.3972,0.43464000000000003,1.2674234149456025
0.39580000000000004,0.43040000000000012,1.2568430902361869
0.39430000000000009,0.42434000000000005,1.242081073820591
0.3906,0.41908000000000006,1.2298934637904166
0.3876,0.41570000000000007,1.2194944023489953
0.3881,0.41073999999999999,1.2094391449689865
0.38419999999999993,0.41048000000000001,1.2006492283940315
0.38149999999999989,0.40336,1.1911839897632599
0.3826,0.40386,1.1814200392365455
0.3765,0.39698,1.1720303743481637
0.37840000000000001,0.39596000000000003,1.1654965363144874
0.37630000000000002,0.39340000000000003,1.1598598402738571
0.37489999999999996,0.39006000000000002,1.1560677236914634
0.37340000000000001,0.39072000000000001,1.1493838393688203
0.37269999999999998,0.38513999999999998,1.1434103689789772
0.37079999999999996,0.38230000000000008,1.1343938980102539
0.36829999999999996,0.38238,1.1362853208184243
0.36780000000000002,0.38108000000000003,1.1267487072944642
0.36799999999999999,0.37990000000000002,1.1265020975470543
0.36670000000000003,0.37675999999999998,1.1205756494998931
0.36629999999999996,0.37558000000000002,1.1131064553856849
0.36569999999999991,0.37278000000000006,1.1074545847773551
0.36170000000000002,0.37313999999999997,1.1089853790402413
0.36399999999999999,0.37201999999999996,1.1038557738661765
0.36219999999999997,0.36981999999999998,1.1028203811645507
0.35999999999999993,0.36558000000000002,1.0928000088334084
0.36069999999999991,0.36781999999999998,1.0914169538021088
0.36019999999999996,0.36510000000000004,1.0925731771588325
0.35830000000000001,0.36449999999999999,1.0827601175904273
0.35659999999999997,0.36208000000000007,1.0792677503824235
0.35869999999999996,0.36067999999999995,1.0801620441675186
0.35379999999999995,0.35936000000000001,1.0747063462138176
0.35570000000000002,0.35784000000000005,1.0731327922940255
0.35320000000000001,0.35937999999999998,1.0722087714076043
0.35320000000000001,0.35825999999999997,1.0658725312948227
0.35159999999999997,0.35570000000000002,1.0624589097499848
0.35359999999999997,0.35593999999999998,1.0615493153333664
0.35009999999999991,0.35520000000000007,1.0591849669814111
0.34889999999999999,0.35724,1.0597292444705964
0.34970000000000001,0.35405999999999999,1.0537787412405013
0.34989999999999993,0.35172000000000003,1.0537457773685455
0.34889999999999999,0.35127999999999998,1.0483482732176781
0.34899999999999998,0.35303999999999996,1.0515084082484245
0.34749999999999998,0.35052,1.0462329611182213
0.34699999999999998,0.35154000000000002,1.0463706628680229
0.34590000000000004,0.34714,1.0448566502928733
0.34649999999999997,0.35049999999999998,1.0418889157176017
0.34749999999999998,0.34877999999999998,1.0421237287521363
0.34649999999999997,0.34445999999999999,1.0348005630970001
0.34519999999999995,0.34926000000000001,1.042517629981041
test_error,train_error,train_loss,lr_0.001,polaritySplit_True,hidden_100,batchsize_50,weightDecay_0,useDropout_True,dropout_0.2,maxColNorm_15
test_error,train_error,train_loss,lr_0.005,polaritySplit_True,hidden_100,batchsize_50,weightDecay_0,useDropout_True,dropout_0.5,maxColNorm_15
0.57940000000000003,0.80870000000000009,2.4514321936368941
0.52229999999999999,0.6908399999999999,1.940765971660614
0.49880000000000002,0.62915999999999994,1.7907881616353989
0.48199999999999998,0.60087999999999997,1.7163049917221069
0.46999999999999997,0.57726,1.6560762346982956
0.46299999999999997,0.56162000000000012,1.6155320718288422
0.45519999999999994,0.54566000000000003,1.5733685793876648
0.44850000000000001,0.53198000000000001,1.5415786833763123
0.44299999999999995,0.52979999999999994,1.5220392254590989
0.44079999999999997,0.51711999999999991,1.4977109826803208
0.43719999999999998,0.50846000000000002,1.4783864349126816
0.43099999999999999,0.50134000000000001,1.4621655321121216
0.43270000000000003,0.49693999999999999,1.446126528918743
0.4279,0.49518000000000006,1.4365409886837006
0.42519999999999997,0.48464000000000007,1.4264756505489349
0.4239,0.48531999999999997,1.4130581191182137
0.42160000000000003,0.47968,1.4023261300325394
0.41960000000000008,0.47908000000000006,1.3974053729772569
0.41760000000000003,0.47317999999999999,1.3872026540040969
0.41630000000000011,0.47053999999999996,1.3791479211449622
0.41739999999999994,0.47096000000000005,1.3727700403928758
0.41210000000000002,0.46702000000000005,1.3697169158458711
0.41249999999999998,0.46364,1.3603246101140976
0.41270000000000001,0.46258000000000005,1.3546046141386032
0.41039999999999999,0.45985999999999999,1.3483050246834756
0.40849999999999992,0.45685999999999999,1.3422128716707229
0.40810000000000002,0.45490000000000003,1.3398526087403297
0.40620000000000006,0.45485999999999999,1.3331187216043472
0.4047,0.45138,1.3273300111889839
0.40650000000000008,0.45092000000000004,1.3246662518382073
0.40369999999999995,0.44836000000000004,1.3242542456388473
0.40360000000000001,0.45138000000000006,1.3203270381689072
0.40149999999999997,0.44780000000000003,1.3138880749940873
0.4022,0.44663999999999998,1.3091928606033325
0.39980000000000004,0.44294,1.308260599076748
0.40020000000000006,0.44122,1.3050314404368402
0.40000000000000002,0.44122,1.3039747761487961
0.39909999999999995,0.43766000000000005,1.3024579719901086
0.39789999999999998,0.43710000000000004,1.2939997385740281
0.39810000000000001,0.43560000000000004,1.292698760330677
0.39379999999999993,0.43604000000000004,1.2899556861519814
0.39390000000000003,0.43896000000000002,1.2903712450861931
0.39250000000000002,0.43482000000000004,1.286712704539299
0.39460000000000001,0.43286000000000002,1.283339492380619
0.39000000000000001,0.43364000000000003,1.2862101125717162
0.39239999999999997,0.43450000000000005,1.2796980406045915
0.39010000000000006,0.43618000000000007,1.2829341821074485
0.3911,0.4321600000000001,1.2752454494833947
0.3896,0.43102000000000001,1.2768415010571479
0.39020000000000005,0.43120000000000003,1.2760371922254563
0.38780000000000003,0.42774000000000001,1.2646600729823112
0.38600000000000001,0.42622000000000004,1.2641138278245927
0.3856,0.42648000000000003,1.2637304120659829
0.38519999999999999,0.42887999999999998,1.2703800780177117
0.38519999999999999,0.42975999999999998,1.2663544204235078
0.38459999999999994,0.42318000000000006,1.259574353158474
0.38439999999999996,0.42522000000000004,1.2580854210853576
0.3821,0.42505999999999999,1.2605798166394233
0.38439999999999996,0.42514000000000002,1.2580348175764084
0.38369999999999999,0.42168000000000005,1.2503361383676528
test_error,train_error,train_loss,lr_0.001,polaritySplit_True,hidden_100,batchsize_50,weightDecay_0,useDropout_True,dropout_0.5,maxColNorm_15
0.38369999999999999,0.41829999999999995,1.2444693875908852
0.38370000000000004,0.42111999999999999,1.2493829159140586
0.38340000000000002,0.42270000000000002,1.2491057235002518
0.38329999999999997,0.41984000000000005,1.2420368900299072
0.3836,0.42230000000000001,1.2471173368692399
0.3836,0.41692000000000001,1.2432628142237663
0.3832000000000001,0.41848000000000002,1.2434721082448958
0.38290000000000002,0.4217800000000001,1.2449546271562577
0.38240000000000002,0.41732000000000002,1.2437110075354576
0.38240000000000002,0.42246000000000006,1.2462495157122613
0.38150000000000001,0.41910000000000003,1.2425093094110489
0.38199999999999995,0.41806000000000004,1.2404085654616357
0.3826,0.41911999999999999,1.2428842328190803
test_error,train_error,train_loss,lr_0.005,polaritySplit_True,hidden_100,batchsize_50,weightDecay_0,useDropout_True,dropout_0.5,maxColNorm_15
0.5796,0.80852000000000002,2.4515626329183577
0.52280000000000004,0.69011999999999984,1.9408619986772537
0.49880000000000002,0.62839999999999996,1.7908986151218413
0.48150000000000004,0.60150000000000003,1.7163944143056868
0.4703,0.57713999999999999,1.6568634914159774
0.46460000000000001,0.56208000000000002,1.6161863906383513
0.45650000000000007,0.54674,1.5737291738986969
0.45030000000000003,0.53206000000000009,1.5425514250993728
0.44429999999999997,0.53034000000000003,1.5230725806951524
0.44150000000000006,0.51646000000000003,1.4981728996038437
0.43640000000000001,0.5091,1.4788107826709747
0.43219999999999997,0.50231999999999999,1.4631479281187056
0.42899999999999999,0.49806000000000006,1.4468224352598191
0.42719999999999997,0.49325999999999998,1.4364677001237869
0.42599999999999999,0.48408000000000007,1.4267233192920685
0.42319999999999991,0.48692000000000002,1.4139031737446786
0.42070000000000007,0.47975999999999996,1.4029747864007951
0.42190000000000005,0.47998000000000002,1.3972826206684112
0.41870000000000007,0.47538000000000002,1.3879586557149888
0.41609999999999997,0.47120000000000006,1.3795728731155394
0.4163,0.46888000000000002,1.3730002611875534
0.41379999999999995,0.46834000000000003,1.3708395704627037
0.4138,0.46490000000000004,1.3608930418491363
0.41190000000000004,0.46258000000000005,1.3563359606266021
0.40970000000000001,0.46082000000000006,1.3488734697699547
0.4083,0.45642000000000005,1.3429625952839852
0.40860000000000002,0.45548,1.3402097205519676
0.40710000000000002,0.45518000000000008,1.3336716021299362
0.4047,0.45158000000000004,1.3277883992791175
0.40500000000000003,0.45070000000000005,1.3252870126366616
0.40279999999999999,0.44950000000000001,1.3255469254851342
0.40149999999999997,0.4506,1.321429289996624
0.40120000000000006,0.44880000000000003,1.3144286215305327
0.40130000000000005,0.44751999999999997,1.3101481091976166
0.40100000000000002,0.44258000000000003,1.3089088506102562
0.3992,0.44163999999999998,1.305573616206646
0.40029999999999999,0.44126000000000004,1.304764022052288
0.39789999999999998,0.43782000000000004,1.3028517096042633
0.39840000000000003,0.43769999999999998,1.2941187314987184
0.39679999999999999,0.43642000000000003,1.2931945808529854
0.39560000000000001,0.43780000000000002,1.289990540266037
0.39590000000000003,0.43930000000000008,1.2921311369538306
0.39409999999999995,0.43486000000000002,1.2871059084534644
0.39339999999999997,0.43208000000000002,1.2841103235483169
0.39450000000000002,0.43563999999999997,1.2856825914382934
0.39209999999999995,0.43412000000000001,1.2802257281541825
0.39200000000000002,0.43651999999999996,1.2824703324437141
0.39229999999999998,0.43268000000000001,1.2758592785596847
0.38990000000000002,0.43198000000000003,1.277493057012558
0.38780000000000003,0.4321600000000001,1.2773518663048744
0.38840000000000002,0.42925999999999997,1.2653668849468231
0.38909999999999995,0.42692000000000002,1.2652405821681023
0.38939999999999997,0.42643999999999999,1.264991177380085
0.38730000000000003,0.42893999999999999,1.2704117890000344
0.38730000000000003,0.42962,1.2662801368236543
0.38739999999999997,0.42258000000000007,1.2593901154994964
0.3881,0.42558000000000001,1.2585305010080337
0.38629999999999998,0.42625999999999997,1.2601560446023941
0.38669999999999993,0.42570000000000002,1.2580221776962279
0.38439999999999996,0.42205999999999999,1.2506802546977998
test_error,train_error,train_loss,lr_0.001,polaritySplit_True,hidden_100,batchsize_50,weightDecay_0,useDropout_True,dropout_0.5,maxColNorm_15
0.38329999999999997,0.41804000000000002,1.2447377400994302
0.38350000000000001,0.42074,1.2498368361592294
0.38349999999999995,0.42292000000000007,1.2492723998427391
test_error,train_error,train_loss,lr_0.005,polaritySplit_True,hidden_100,batchsize_50,weightDecay_0,useDropout_True,dropout_0.5,maxColNorm_15
0.57719999999999994,0.80862000000000012,2.4514518692493437
0.52170000000000005,0.69053999999999993,1.9407595036029817
0.49740000000000001,0.62943999999999989,1.7908717734813691
0.48310000000000003,0.60126000000000002,1.716800590634346
0.47230000000000005,0.57701999999999998,1.6567500250339509
0.46300000000000002,0.56278000000000006,1.6158673813343047
0.45610000000000001,0.54674,1.5740716252326965
0.4506,0.53338000000000008,1.5422995837926865
0.44390000000000002,0.52978000000000014,1.522813973069191
0.43940000000000007,0.51749999999999996,1.4981910511255265
0.43640000000000001,0.50873999999999997,1.478827348947525
0.43109999999999998,0.50234000000000001,1.4629127032756806
0.42930000000000001,0.49762000000000001,1.4466258192658423
0.42950000000000005,0.49366000000000004,1.4361772946119309
0.4264,0.48474,1.4262784735560416
0.42519999999999997,0.48524,1.4130655729174615
0.42130000000000001,0.47896000000000005,1.4026560554504395
0.41999999999999998,0.47906000000000004,1.3970816432237625
0.41889999999999999,0.47358000000000006,1.3872971196174622
0.41710000000000003,0.47014,1.3788127035498619
0.41600000000000004,0.47022000000000003,1.3726582177877427
0.4133,0.46660000000000001,1.3693727325201035
0.41269999999999996,0.46342,1.3601056956052779
0.41090000000000004,0.46223999999999998,1.3542005808353423
0.40960000000000002,0.45980000000000004,1.3475838127732276
0.40979999999999994,0.45580000000000004,1.3419829704165458
0.40740000000000004,0.45480000000000004,1.3390287386775017
0.40749999999999997,0.45448,1.3323718028664588
0.40500000000000003,0.45104,1.3268002146482467
0.40579999999999999,0.45180000000000009,1.3247529137730598
0.40439999999999998,0.44918000000000008,1.3237113010883332
0.40400000000000008,0.44986000000000004,1.319717019855976
0.4032,0.44790000000000002,1.3128471534848214
0.40200000000000002,0.44536000000000003,1.3089524800777435
0.40049999999999997,0.44202000000000002,1.3076296300888062
0.3997,0.4410400000000001,1.3044777386784554
0.39729999999999999,0.44178000000000001,1.3032046108841897
0.39860000000000001,0.43708000000000002,1.3016452909708023
0.39909999999999995,0.43730000000000002,1.2934422433972359
0.39870000000000005,0.43644000000000005,1.2920710758566856
0.39500000000000002,0.43858000000000003,1.2899823886752129
0.3962,0.43803999999999998,1.290778085410595
0.39480000000000004,0.43392000000000003,1.2860544836521148
0.39360000000000001,0.43374000000000001,1.283901800751686
0.39260000000000006,0.43493999999999999,1.2856887429952621
0.39230000000000004,0.43508000000000002,1.2799257019758223
0.38980000000000004,0.43668000000000001,1.2827298809289933
0.39340000000000003,0.43137999999999999,1.2756304000616074
0.39230000000000004,0.42884000000000005,1.2762742022275924
0.39100000000000001,0.43108000000000002,1.2767407816648484
0.38799999999999996,0.42882000000000003,1.264974862933159
0.3886,0.42555999999999999,1.2645060741901397
0.38719999999999999,0.42627999999999999,1.2644950912594795
0.38599999999999995,0.42786000000000002,1.2707683374285699
0.38780000000000003,0.42872000000000005,1.2664459955096246
0.38569999999999993,0.42291999999999996,1.2600469056963921
0.38480000000000003,0.42522000000000004,1.2585711309313774
0.38530000000000003,0.42692000000000002,1.2614916608929634
0.38540000000000008,0.42510000000000003,1.2585560921430587
0.38420000000000004,0.42136000000000001,1.2510627591013908
test_error,train_error,train_loss,lr_0.001,polaritySplit_True,hidden_100,batchsize_50,weightDecay_0,useDropout_True,dropout_0.5,maxColNorm_15
0.38469999999999999,0.41811999999999999,1.244308333158493
0.38500000000000001,0.4199,1.2497852160930634
0.38450000000000001,0.42242000000000002,1.2497237089276314
